Abkhazia - Sukhumi
Afghanistan - Kabul
Akrotiri and Dhekelia - Episkopi Cantonment
Albania - Tirana
Algeria - Algiers
American Samoa - Pago Pago
Andorra - Andorra la Vella
Angola - Luanda
Anguilla - The Valley
Antigua and Barbuda - St. John's
Argentina - Buenos Aires
Armenia - Yerevan
Aruba - Oranjestad
Ascension Island - Georgetown
Australia - Canberra
Austria - Vienna
Azerbaijan - Baku
Bahamas - Nassau
Bahrain - Manama
Bangladesh - Dhaka
Barbados - Bridgetown
Belarus - Minsk
Belgium - Brussels
Belize - Belmopan
Benin - Porto-Novo (official); Cotonou (de facto)
Bermuda - Hamilton
Bhutan - Thimphu
Bolivia - Sucre (constitutional); La Paz (administrative)
Bosnia and Herzegovina - Sarajevo
Botswana - Gaborone
Brazil - Brasília
British Virgin Islands - Road Town
Brunei - Bandar Seri Begawan
Bulgaria - Sofia
Burkina Faso - Ouagadougou
Burundi - Bujumbura
Cabo Verde - Praia
Cambodia - Phnom Penh
Cameroon - Yaoundé
Canada - Ottawa
Cayman Islands - George Town
Central African Republic - Bangui
Chad - N'Djamena
Chechnya - Grozny
Chile - Santiago
China - Beijing
Christmas Island - Flying Fish Cove
Cocos (Keeling) Islands - West Island
Colombia - Bogotá
Comoros - Moroni
Cook Islands - Avarua
Costa Rica - San José
Croatia - Zagreb
Cuba - Havana
Curaçao - Willemstad
Cyprus - Nicosia
Czech Republic - Prague
Côte d'Ivoire - Yamoussoukro (official); Abidjan (former capital, still has many government offices)
Democratic Republic of the Congo - Kinshasa
Denmark - Copenhagen
Djibouti - Djibouti
Dominica - Roseau
Dominican Republic - Santo Domingo
East Timor (Timor-Leste) - Dili
Easter Island - Hanga Roa
Ecuador - Quito
Egypt - Cairo
El Salvador - San Salvador
Equatorial Guinea - Malabo
Eritrea - Asmara
Estonia - Tallinn
Ethiopia - Addis Ababa
Falkland Islands - Stanley
Faroe Islands - Tórshavn
Federated States of Micronesia - Palikir
Fiji - Suva
Finland - Helsinki
France - Paris
French Guiana - Cayenne
French Polynesia - Papeete
Gabon - Libreville
Gambia - Banjul
Georgia - Tbilisi (official); Kutaisi (legislative)
Germany - Berlin
Ghana - Accra
Gibraltar - Gibraltar
Greece - Athens
Greenland - Nuuk
Grenada - St. George's
Guadeloupe - Basse-Terre
Guam - Hagåtña
Guatemala - Guatemala City
Guernsey - St. Peter Port
Guinea - Conakry
Guinea-Bissau - Bissau
Guyana - Georgetown
Haiti - Port-au-Prince
Honduras - Tegucigalpa
Hong Kong - Hong Kong
Hungary - Budapest
Iceland - Reykjavík
India - New Delhi
Indonesia - Jakarta
Iran - Tehran
Iraq - Baghdad
Ireland - Dublin
Isle of Man - Douglas
Israel - Jerusalem (declared, de facto)
Italy - Rome
Jamaica - Kingston
Japan - Tokyo
Jersey - St. Helier
Jordan - Amman
Kazakhstan - Astana
Kenya - Nairobi
Kiribati - Tarawa
Kosovo - Pristina
Kuwait - Kuwait City
Kyrgyzstan - Bishkek
Laos - Vientiane
Latvia - Riga
Lebanon - Beirut
Lesotho - Maseru
Liberia - Monrovia
Libya - Tripoli
Liechtenstein - Vaduz
Lithuania - Vilnius
Luxembourg - Luxembourg
Madagascar - Antananarivo
Malawi - Lilongwe
Malaysia - Kuala Lumpur (official, legislative and royal); Putrajaya (administrative and judicial)
Maldives - Malé
Mali - Bamako
Malta - Valletta
Marshall Islands - Majuro
Martinique - Fort-de-France
Mauritania - Nouakchott
Mauritius - Port Louis
Mayotte - Mamoudzou
Mexico - Mexico City
Moldova - Chișinău
Monaco - Monaco
Mongolia - Ulaanbaatar
Montenegro - Podgorica (official); Cetinje (Old Royal Capital, present seat of the President)
Montserrat - Plymouth (official); Brades Estate (de facto)
Morocco - Rabat
Mozambique - Maputo
Myanmar - Naypyidaw
Nagorno-Karabakh Republic - Stepanakert
Namibia - Windhoek
Nauru - Yaren (de facto)
Nepal - Kathmandu
Netherlands - Amsterdam
New Caledonia - Nouméa
New Zealand - Wellington
Nicaragua - Managua
Niger - Niamey
Nigeria - Abuja
Niue - Alofi
Norfolk Island - Kingston
North Korea - Pyongyang
Northern Cyprus - Nicosia
Northern Mariana Islands - Saipan
Norway - Oslo
Oman - Muscat
Pakistan - Islamabad
Palau - Ngerulmud
Panama - Panama City
Papua New Guinea - Port Moresby
Paraguay - Asunción
Peru - Lima
Philippines - Manila
Pitcairn - Adamstown
Poland - Warsaw
Portugal - Lisbon
Puerto Rico - San Juan
Qatar - Doha
Republic of Macedonia - Skopje
Republic of the Congo - Brazzaville
Romania - Bucharest
Russia - Moscow
Rwanda - Kigali
Réunion - Saint-Denis
Sahrawi Arab Democratic Republic - Laayoune (declared); Tifariti (de facto)
Saint Barthélemy - Gustavia
Saint Helena - Jamestown
Saint Kitts and Nevis - Basseterre
Saint Lucia - Castries
Saint Martin - Marigot
Saint Pierre and Miquelon - St. Pierre
Saint Vincent and the Grenadines - Kingstown
Samoa - Apia
San Marino - San Marino
Saudi Arabia - Riyadh
Senegal - Dakar
Serbia - Belgrade
Seychelles - Victoria
Sierra Leone - Freetown
Singapore - Singapore
Sint Maarten - Philipsburg
Slovakia - Bratislava
Slovenia - Ljubljana
Solomon Islands - Honiara
Somalia - Mogadishu
Somaliland - Hargeisa
South Africa - Pretoria (executive); Bloemfontein (judicial); Cape Town (legislative)
South Georgia and the South Sandwich Islands - King Edward Point
South Korea - Seoul
South Ossetia - Tskhinvali
South Sudan - Juba
Spain - Madrid
Sri Lanka - Sri Jayawardenepura Kotte (official); Colombo (former capital, has some government offices)
State of Palestine - East Jerusalem (declared); Ramallah (de facto)
Sudan - Khartoum
Suriname - Paramaribo
Swaziland - Mbabane (administrative); Lobamba (royal and legislative)
Sweden - Stockholm
Switzerland - Bern
Syria - Damascus
São Tomé and Príncipe - São Tomé
Taiwan - Taipei
Tajikistan - Dushanbe
Tanzania - Dodoma (official, legislative)
Thailand - Bangkok
Togo - Lomé
Tonga - Nukuʻalofa
Transnistria - Tiraspol
Trinidad and Tobago - Port of Spain
Tristan da Cunha - Edinburgh of the Seven Seas
Tunisia - Tunis
Turkey - Ankara
Turkmenistan - Ashgabat
Turks and Caicos Islands - Cockburn Town
Tuvalu - Funafuti
Uganda - Kampala
Ukraine - Kyiv
United Arab Emirates - Abu Dhabi
United Kingdom - London
United States - Washington, D.C.
United States Virgin Islands - Charlotte Amalie
Uruguay - Montevideo
Uzbekistan - Tashkent
Vanuatu - Port Vila
Vatican City - Vatican City
Venezuela - Caracas
Vietnam - Hanoi
Wallis and Futuna - Mata-Utu
Yemen - Sana'a
Zambia - Lusaka
Zimbabwe - Harare
